<?xml version="1.0" encoding="utf-8"?>
<System>
  <P Name="Location">[-7, -7, 1543, 831]</P>
  <P Name="SystemRect">[0.000000, 0.000000, 0.000000, 0.000000]</P>
  <P Name="Open">on</P>
  <P Name="SetExecutionDomain">off</P>
  <P Name="ExecutionDomainType">Deduce</P>
  <P Name="ZoomFactor">200</P>
  <P Name="ReportName">simulink-default.rpt</P>
  <P Name="SIDHighWatermark">3</P>
  <P Name="SimulinkSubDomain">Simulink</P>
  <Block BlockType="Reference" Name="DC Motor" SID="2">
    <P Name="Ports">[0, 0, 0, 0, 0, 2, 2]</P>
    <P Name="Position">[610, 240, 690, 290]</P>
    <P Name="ZOrder">10</P>
    <P Name="BlockRotation">270</P>
    <P Name="BlockMirror">on</P>
    <P Name="NameLocation">right</P>
    <P Name="LibraryVersion">10002000.3</P>
    <P Name="SourceBlock">ee_lib/Electromechanical/Brushed Motors/DC Motor</P>
    <P Name="SourceType">DC Motor</P>
    <P Name="SourceProductBaseCode">PS</P>
    <InstanceData>
      <P Name="LogSimulationData">off</P>
      <P Name="SourceFile">ee.electromech.brushed.dc_motor</P>
      <P Name="InternalSimscapePortConfiguration">{&quot;Bottom&quot;:[],&quot;Left&quot;:[{&quot;id&quot;:&quot;p&quot;,&quot;label&quot;:&quot;+&quot;,&quot;type&quot;:&quot;foundation.electrical.electrical&quot;},{&quot;id&quot;:&quot;R&quot;,&quot;label&quot;:&quot;R&quot;,&quot;type&quot;:&quot;foundation.mechanical.rotational.rotational&quot;}],&quot;Right&quot;:[{&quot;id&quot;:&quot;n&quot;,&quot;label&quot;:&quot;-&quot;,&quot;type&quot;:&quot;foundation.electrical.electrical&quot;},{&quot;id&quot;:&quot;C&quot;,&quot;label&quot;:&quot;C&quot;,&quot;type&quot;:&quot;foundation.mechanical.rotational.rotational&quot;}],&quot;Top&quot;:[]}</P>
      <P Name="ComponentPath">ee.electromech.brushed.dc_motor</P>
      <P Name="ComponentVariants">[&quot;ee.electromech.brushed.dc_motor&quot;,&quot;ee.electromech.brushed.dc_motor_thermal&quot;]</P>
      <P Name="ComponentVariantNames">[&quot;physmod:ee:library:comments:electromech:brushed:dc_motor_sscx:noThermalPort&quot;,&quot;physmod:ee:library:comments:electromech:brushed:dc_motor_sscx:showThermalPort&quot;]</P>
      <P Name="ClassName">Simscape variant</P>
      <P Name="SchemaVersion">1</P>
      <P Name="field_option">ee.enum.field_option.pm</P>
      <P Name="field_option_unit">1</P>
      <P Name="field_option_conf">compiletime</P>
      <P Name="Rf">100</P>
      <P Name="Rf_unit">Ohm</P>
      <P Name="Rf_conf">compiletime</P>
      <P Name="Lf">1</P>
      <P Name="Lf_unit">H</P>
      <P Name="Lf_conf">compiletime</P>
      <P Name="Laf">0.15</P>
      <P Name="Laf_unit">H</P>
      <P Name="Laf_conf">compiletime</P>
      <P Name="If0">0</P>
      <P Name="If0_unit">A</P>
      <P Name="If0_conf">compiletime</P>
      <P Name="parameterization">ee.enum.dcparam_option.circuit_param</P>
      <P Name="parameterization_unit">1</P>
      <P Name="parameterization_conf">compiletime</P>
      <P Name="Ra">3.9</P>
      <P Name="Ra_unit">Ohm</P>
      <P Name="Ra_conf">compiletime</P>
      <P Name="La">12e-6</P>
      <P Name="La_unit">H</P>
      <P Name="La_conf">compiletime</P>
      <P Name="emf_or_torque">ee.enum.emf_or_torque.kv</P>
      <P Name="emf_or_torque_unit">1</P>
      <P Name="emf_or_torque_conf">compiletime</P>
      <P Name="Kv">0.072e-3</P>
      <P Name="Kv_unit">V/rpm</P>
      <P Name="Kv_conf">compiletime</P>
      <P Name="Ki">6.876e-4</P>
      <P Name="Ki_unit">N*m/A</P>
      <P Name="Ki_conf">compiletime</P>
      <P Name="T_stall">0.24e-3</P>
      <P Name="T_stall_unit">N*m</P>
      <P Name="T_stall_conf">compiletime</P>
      <P Name="w_max">19100</P>
      <P Name="w_max_unit">rpm</P>
      <P Name="w_max_conf">compiletime</P>
      <P Name="w_rated">15000</P>
      <P Name="w_rated_unit">rpm</P>
      <P Name="w_rated_conf">compiletime</P>
      <P Name="P_rated">0.08</P>
      <P Name="P_rated_unit">W</P>
      <P Name="P_rated_conf">compiletime</P>
      <P Name="V_rated">1.5</P>
      <P Name="V_rated_unit">V</P>
      <P Name="V_rated_conf">compiletime</P>
      <P Name="J">0.01</P>
      <P Name="J_unit">g*cm^2</P>
      <P Name="J_conf">compiletime</P>
      <P Name="lam_param">ee.enum.lam_param.damping</P>
      <P Name="lam_param_unit">1</P>
      <P Name="lam_param_conf">compiletime</P>
      <P Name="lam">0</P>
      <P Name="lam_unit">N*m/(rad/s)</P>
      <P Name="lam_conf">compiletime</P>
      <P Name="i_noload">0</P>
      <P Name="i_noload_unit">A</P>
      <P Name="i_noload_conf">compiletime</P>
      <P Name="V_i_noload">1.5</P>
      <P Name="V_i_noload_unit">V</P>
      <P Name="V_i_noload_conf">compiletime</P>
      <P Name="speed0">0</P>
      <P Name="speed0_unit">rpm</P>
      <P Name="speed0_conf">compiletime</P>
      <P Name="enable_fault_armature">ee.enum.faults.faultEnable.no</P>
      <P Name="enable_fault_armature_unit">1</P>
      <P Name="enable_fault_armature_conf">compiletime</P>
      <P Name="rev_faulted">1 / 3</P>
      <P Name="rev_faulted_unit">1</P>
      <P Name="rev_faulted_conf">compiletime</P>
      <P Name="G_faulted_armature">1e-5</P>
      <P Name="G_faulted_armature_unit">S</P>
      <P Name="G_faulted_armature_conf">compiletime</P>
      <P Name="fault_trigger_armature">ee.enum.faults.faultTrigger.temporal</P>
      <P Name="fault_trigger_armature_unit">1</P>
      <P Name="fault_trigger_armature_conf">compiletime</P>
      <P Name="t_fault_armature">1</P>
      <P Name="t_fault_armature_unit">s</P>
      <P Name="t_fault_armature_conf">compiletime</P>
      <P Name="max_permissible_current_armature">inf</P>
      <P Name="max_permissible_current_armature_unit">A</P>
      <P Name="max_permissible_current_armature_conf">compiletime</P>
      <P Name="t_fail_on_current_armature">1</P>
      <P Name="t_fail_on_current_armature_unit">s</P>
      <P Name="t_fail_on_current_armature_conf">compiletime</P>
      <P Name="enable_fault_field">ee.enum.faults.faultEnable.no</P>
      <P Name="enable_fault_field_unit">1</P>
      <P Name="enable_fault_field_conf">compiletime</P>
      <P Name="G_faulted_field">1e-5</P>
      <P Name="G_faulted_field_unit">S</P>
      <P Name="G_faulted_field_conf">compiletime</P>
      <P Name="fault_trigger_field">ee.enum.faults.faultTrigger.temporal</P>
      <P Name="fault_trigger_field_unit">1</P>
      <P Name="fault_trigger_field_conf">compiletime</P>
      <P Name="t_fault_field">1</P>
      <P Name="t_fault_field_unit">s</P>
      <P Name="t_fault_field_conf">compiletime</P>
      <P Name="max_permissible_current_field">inf</P>
      <P Name="max_permissible_current_field_unit">A</P>
      <P Name="max_permissible_current_field_conf">compiletime</P>
      <P Name="t_fail_on_current_field">1</P>
      <P Name="t_fail_on_current_field_unit">s</P>
      <P Name="t_fail_on_current_field_conf">compiletime</P>
      <P Name="fault_action">ee.enum.faults.faultAction.none</P>
      <P Name="fault_action_unit">1</P>
      <P Name="fault_action_conf">compiletime</P>
      <P Name="alpha">3.93e-3</P>
      <P Name="alpha_unit">1/K</P>
      <P Name="alpha_conf">compiletime</P>
      <P Name="Tmeas">25</P>
      <P Name="Tmeas_unit">degC</P>
      <P Name="Tmeas_conf">compiletime</P>
      <P Name="thermal_mass">100</P>
      <P Name="thermal_mass_unit">J/K</P>
      <P Name="thermal_mass_conf">compiletime</P>
      <P Name="initial_temperature">25</P>
      <P Name="initial_temperature_unit">degC</P>
      <P Name="initial_temperature_conf">compiletime</P>
    </InstanceData>
  </Block>
  <Block BlockType="Reference" Name="Inertia" SID="3">
    <P Name="Ports">[0, 0, 0, 0, 0, 1]</P>
    <P Name="Position">[725, 215, 765, 255]</P>
    <P Name="ZOrder">11</P>
    <P Name="BlockRotation">270</P>
    <P Name="BlockMirror">on</P>
    <P Name="NameLocation">right</P>
    <P Name="LibraryVersion">10002000.1</P>
    <P Name="SourceBlock">fl_lib/Mechanical/Rotational Elements/Inertia</P>
    <P Name="SourceType">Inertia</P>
    <P Name="SourceProductBaseCode">SS</P>
    <InstanceData>
      <P Name="LogSimulationData">off</P>
      <P Name="SourceFile">foundation.mechanical.rotational.inertia</P>
      <P Name="InternalSimscapePortConfiguration">{&quot;Bottom&quot;:[],&quot;Left&quot;:[{&quot;id&quot;:&quot;I&quot;,&quot;label&quot;:&quot;&quot;,&quot;type&quot;:&quot;foundation.mechanical.rotational.rotational&quot;}],&quot;Right&quot;:[],&quot;Top&quot;:[]}</P>
      <P Name="ComponentPath">foundation.mechanical.rotational.inertia</P>
      <P Name="ComponentVariants">[&quot;foundation.mechanical.rotational.inertia&quot;]</P>
      <P Name="ComponentVariantNames">[&quot;inertia&quot;]</P>
      <P Name="ClassName">inertia</P>
      <P Name="SchemaVersion">1</P>
      <P Name="inertia">0.01</P>
      <P Name="inertia_unit">kg*m^2</P>
      <P Name="inertia_conf">compiletime</P>
      <P Name="num_ports">foundation.enum.numPorts2.one</P>
      <P Name="num_ports_unit">1</P>
      <P Name="num_ports_conf">compiletime</P>
      <P Name="w_specify">off</P>
      <P Name="w_priority">High</P>
      <P Name="w">0</P>
      <P Name="w_unit">rad/s</P>
      <P Name="w_nominal_specify">off</P>
      <P Name="w_nominal_unit">rad/s</P>
      <P Name="w_nominal_value">1</P>
      <P Name="t_specify">off</P>
      <P Name="t_priority">None</P>
      <P Name="t">0</P>
      <P Name="t_unit">N*m</P>
      <P Name="t_nominal_specify">off</P>
      <P Name="t_nominal_unit">N*m</P>
      <P Name="t_nominal_value">1</P>
    </InstanceData>
  </Block>
  <Block BlockType="Reference" Name="Mechanical&#xA;Rotational Reference" SID="1">
    <P Name="Ports">[0, 0, 0, 0, 0, 1]</P>
    <P Name="Position">[660, 350, 680, 370]</P>
    <P Name="ZOrder">9</P>
    <P Name="BlockRotation">270</P>
    <P Name="BlockMirror">on</P>
    <P Name="NameLocation">right</P>
    <P Name="LibraryVersion">10002000.1</P>
    <P Name="SourceBlock">fl_lib/Mechanical/Rotational Elements/Mechanical
Rotational Reference</P>
    <P Name="SourceType">Mechanical
Rotational Reference</P>
    <P Name="SourceProductBaseCode">SS</P>
    <InstanceData>
      <P Name="LogSimulationData">off</P>
      <P Name="SourceFile">foundation.mechanical.rotational.reference</P>
      <P Name="InternalSimscapePortConfiguration">{&quot;Bottom&quot;:[],&quot;Left&quot;:[{&quot;id&quot;:&quot;W&quot;,&quot;label&quot;:&quot;&quot;,&quot;type&quot;:&quot;foundation.mechanical.rotational.rotational&quot;}],&quot;Right&quot;:[],&quot;Top&quot;:[]}</P>
      <P Name="ComponentPath">foundation.mechanical.rotational.reference</P>
      <P Name="ComponentVariants">[&quot;foundation.mechanical.rotational.reference&quot;]</P>
      <P Name="ComponentVariantNames">[&quot;reference&quot;]</P>
      <P Name="ClassName">reference</P>
      <P Name="SchemaVersion">1</P>
    </InstanceData>
  </Block>
  <Line LineType="Connection">
    <P Name="ZOrder">1</P>
    <P Name="Src">2#rconn:2</P>
    <P Name="Dst">1#lconn:1</P>
  </Line>
</System>
