<?xml version="1.0" encoding="UTF-8"?>
<sltp_graph version="1.1" packageUris="http://schema.mathworks.com/mf0/sltp_mm/R2020b_202003251737">
  <sltp.mm.core.Context type="sltp.mm.core.Context" uuid="7c70f22b-5662-4fd8-a4be-d2777ce97942">
    <editorState type="sltp.mm.core.EditorState" uuid="7c09ce62-97fa-4f90-81c8-381fea60607b"/>
    <rootTask type="sltp.mm.core.Task" uuid="8e9bf410-a13c-4112-9f5a-548577f0a848">
      <context type="sltp.mm.core.Context" uuid="7c70f22b-5662-4fd8-a4be-d2777ce97942"/>
      <explicit>false</explicit>
      <name>Default</name>
      <priority>-2147483648</priority>
      <subgraph type="sltp.mm.core.Graph" uuid="23c5abf5-375d-41e6-9c72-c2392679ea8d"/>
    </rootTask>
  </sltp.mm.core.Context>
</sltp_graph>